feat	ref	test	p.value
segsize	ref	5kb	2.27021142674409e-113
segsize	ref	15kb	1.8424914907818e-16
segsize	ref	30kb	0.109528978306691
segsize	ref	50kb	1.47653833069793e-26
segsize	ref	100kb	3.89293890729343e-89
